Shader	Hidden/InternalErrorShader	17	0000000000000000e000000000000000
Shader	Hidden/InternalClear	68	0000000000000000e000000000000000
Shader	Hidden/Internal-Colored	69	0000000000000000e000000000000000
Shader	Hidden/Internal-Loading	70	0000000000000000e000000000000000
Shader	GUI/Text Shader	10101	0000000000000000e000000000000000
Shader	Hidden/FrameDebuggerRenderTargetDisplay	10755	0000000000000000e000000000000000
Shader	Hidden/Internal-StencilWrite	19	0000000000000000f000000000000000
Shader	Hidden/Internal-CombineDepthNormals	65	0000000000000000f000000000000000
Shader	Hidden/BlitCopy	66	0000000000000000f000000000000000
Shader	Hidden/BlitCopyDepth	67	0000000000000000f000000000000000
Shader	Hidden/BlitCopyWithDepth	107	0000000000000000f000000000000000
Shader	Hidden/ConvertTexture	68	0000000000000000f000000000000000
Shader	Hidden/BlitToDepth	109	0000000000000000f000000000000000
Shader	Hidden/BlitToDepth_MSAA	110	0000000000000000f000000000000000
Shader	Hidden/BlitCopyHDRTonemap	111	0000000000000000f000000000000000
Shader	Hidden/BlitCopyHDRTonemappedToHDRTonemap	112	0000000000000000f000000000000000
Shader	Hidden/BlitCopyHDRTonemappedToSDR	114	0000000000000000f000000000000000
Shader	Standard (Specular setup)	45	0000000000000000f000000000000000
Shader	Standard	46	0000000000000000f000000000000000
Shader	Autodesk Interactive	47	0000000000000000f000000000000000
Shader	Hidden/Internal-ScreenSpaceShadows	64	0000000000000000f000000000000000
Shader	Hidden/Internal-DepthNormalsTexture	62	0000000000000000f000000000000000
Shader	Hidden/Internal-DeferredReflections	74	0000000000000000f000000000000000
Shader	Hidden/Internal-DeferredShading	69	0000000000000000f000000000000000
Shader	Hidden/Internal-MotionVectors	75	0000000000000000f000000000000000
Shader	Legacy Shaders/VertexLit	6	0000000000000000f000000000000000
Shader	Legacy Shaders/Diffuse Fast	1	0000000000000000f000000000000000
Shader	Legacy Shaders/Diffuse	7	0000000000000000f000000000000000
Shader	Legacy Shaders/Bumped Diffuse	2	0000000000000000f000000000000000
Shader	Legacy Shaders/Specular	3	0000000000000000f000000000000000
Shader	Legacy Shaders/Bumped Specular	4	0000000000000000f000000000000000
Shader	Legacy Shaders/Diffuse Detail	5	0000000000000000f000000000000000
Shader	Legacy Shaders/Self-Illumin/VertexLit	14	0000000000000000f000000000000000
Shader	Legacy Shaders/Self-Illumin/Diffuse	10	0000000000000000f000000000000000
Shader	Legacy Shaders/Self-Illumin/Bumped Diffuse	11	0000000000000000f000000000000000
Shader	Legacy Shaders/Self-Illumin/Specular	12	0000000000000000f000000000000000
Shader	Legacy Shaders/Self-Illumin/Bumped Specular	13	0000000000000000f000000000000000
Shader	Legacy Shaders/Reflective/VertexLit	24	0000000000000000f000000000000000
Shader	Legacy Shaders/Reflective/Bumped Unlit	25	0000000000000000f000000000000000
Shader	Legacy Shaders/Reflective/Diffuse	20	0000000000000000f000000000000000
Shader	Legacy Shaders/Reflective/Bumped Diffuse	21	0000000000000000f000000000000000
Shader	Legacy Shaders/Reflective/Bumped VertexLit	26	0000000000000000f000000000000000
Shader	Legacy Shaders/Reflective/Specular	22	0000000000000000f000000000000000
Shader	Legacy Shaders/Reflective/Bumped Specular	23	0000000000000000f000000000000000
Shader	Legacy Shaders/Transparent/VertexLit	34	0000000000000000f000000000000000
Shader	Legacy Shaders/Transparent/Diffuse	30	0000000000000000f000000000000000
Shader	Legacy Shaders/Transparent/Bumped Diffuse	31	0000000000000000f000000000000000
Shader	Legacy Shaders/Transparent/Specular	32	0000000000000000f000000000000000
Shader	Legacy Shaders/Transparent/Bumped Specular	33	0000000000000000f000000000000000
Shader	Legacy Shaders/Transparent/Cutout/VertexLit	50	0000000000000000f000000000000000
Shader	Legacy Shaders/Transparent/Cutout/Diffuse	51	0000000000000000f000000000000000
Shader	Legacy Shaders/Transparent/Cutout/Bumped Diffuse	52	0000000000000000f000000000000000
Shader	Legacy Shaders/Transparent/Cutout/Specular	53	0000000000000000f000000000000000
Shader	Legacy Shaders/Transparent/Cutout/Bumped Specular	54	0000000000000000f000000000000000
Shader	Legacy Shaders/Parallax Diffuse	8	0000000000000000f000000000000000
Shader	Legacy Shaders/Parallax Specular	9	0000000000000000f000000000000000
Shader	Legacy Shaders/Self-Illumin/Parallax Diffuse	15	0000000000000000f000000000000000
Shader	Legacy Shaders/Self-Illumin/Parallax Specular	16	0000000000000000f000000000000000
Shader	Legacy Shaders/Reflective/Parallax Diffuse	27	0000000000000000f000000000000000
Shader	Legacy Shaders/Reflective/Parallax Specular	28	0000000000000000f000000000000000
Shader	Legacy Shaders/Transparent/Parallax Diffuse	35	0000000000000000f000000000000000
Shader	Legacy Shaders/Transparent/Parallax Specular	36	0000000000000000f000000000000000
Shader	Legacy Shaders/Transparent/Cutout/Soft Edge Unlit	10512	0000000000000000f000000000000000
Shader	Legacy Shaders/Decal	100	0000000000000000f000000000000000
Shader	Hidden/Internal-Flare	102	0000000000000000f000000000000000
Shader	FX/Flare	101	0000000000000000f000000000000000
Shader	Skybox/Cubemap	103	0000000000000000f000000000000000
Shader	Skybox/6 Sided	104	0000000000000000f000000000000000
Shader	Hidden/Internal-Halo	105	0000000000000000f000000000000000
Shader	Skybox/Procedural	106	0000000000000000f000000000000000
Shader	Skybox/Panoramic	108	0000000000000000f000000000000000
Shader	Hidden/Internal-DebugPattern	113	0000000000000000f000000000000000
Shader	Legacy Shaders/Particles/Additive	200	0000000000000000f000000000000000
Shader	Legacy Shaders/Particles/~Additive-Multiply	201	0000000000000000f000000000000000
Shader	Legacy Shaders/Particles/Additive (Soft)	202	0000000000000000f000000000000000
Shader	Legacy Shaders/Particles/Alpha Blended	203	0000000000000000f000000000000000
Shader	Legacy Shaders/Particles/Multiply	205	0000000000000000f000000000000000
Shader	Legacy Shaders/Particles/Multiply (Double)	206	0000000000000000f000000000000000
Shader	Legacy Shaders/Particles/Alpha Blended Premultiply	207	0000000000000000f000000000000000
Shader	Legacy Shaders/Particles/VertexLit Blended	208	0000000000000000f000000000000000
Shader	Legacy Shaders/Particles/Anim Alpha Blended	209	0000000000000000f000000000000000
Shader	Particles/Standard Surface	210	0000000000000000f000000000000000
Shader	Particles/Standard Unlit	211	0000000000000000f000000000000000
Shader	Sprites/Diffuse	10800	0000000000000000f000000000000000
Shader	Hidden/Nature/Terrain/Utilities	10490	0000000000000000f000000000000000
Shader	Hidden/TerrainEngine/Details/Vertexlit	10500	0000000000000000f000000000000000
Shader	Hidden/TerrainEngine/Details/WavingDoublePass	10501	0000000000000000f000000000000000
Shader	Hidden/TerrainEngine/Details/BillboardWavingDoublePass	10502	0000000000000000f000000000000000
Shader	Hidden/TerrainEngine/BillboardTree	10507	0000000000000000f000000000000000
Shader	Hidden/TerrainEngine/CameraFacingBillboardTree	10513	0000000000000000f000000000000000
Shader	Hidden/TerrainEngine/Splatmap/Diffuse-Base	10504	0000000000000000f000000000000000
Shader	Hidden/TerrainEngine/Splatmap/Diffuse-BaseGen	10506	0000000000000000f000000000000000
Shader	Hidden/TerrainEngine/Splatmap/Diffuse-AddPass	10503	0000000000000000f000000000000000
Shader	Nature/Terrain/Diffuse	10505	0000000000000000f000000000000000
Shader	Legacy Shaders/Lightmapped/VertexLit	40	0000000000000000f000000000000000
Shader	Legacy Shaders/Lightmapped/Diffuse	41	0000000000000000f000000000000000
Shader	Legacy Shaders/Lightmapped/Bumped Diffuse	42	0000000000000000f000000000000000
Shader	Legacy Shaders/Lightmapped/Specular	43	0000000000000000f000000000000000
Shader	Legacy Shaders/Lightmapped/Bumped Specular	44	0000000000000000f000000000000000
Shader	Hidden/Internal-GUITextureClip	9000	0000000000000000f000000000000000
Shader	Hidden/Internal-GUITextureClipText	9001	0000000000000000f000000000000000
Shader	Hidden/Internal-GUITexture	9002	0000000000000000f000000000000000
Shader	Hidden/Internal-GUITextureBlit	9003	0000000000000000f000000000000000
Shader	Hidden/Internal-GUIRoundedRect	9004	0000000000000000f000000000000000
Shader	Hidden/Internal-GUIRoundedRectWithColorPerBorder	9007	0000000000000000f000000000000000
Shader	Hidden/Internal-UIRDefault	9100	0000000000000000f000000000000000
Shader	Hidden/Internal-UIRAtlasBlitCopy	9101	0000000000000000f000000000000000
Shader	Hidden/Internal-UIRDefaultWorld	9102	0000000000000000f000000000000000
Shader	Hidden/UIElements/EditorUIE	9103	0000000000000000f000000000000000
Shader	Hidden/GraphView/GraphViewUIE	9104	0000000000000000f000000000000000
Shader	Hidden/Internal-UIE-ColorConversionBlit	9105	0000000000000000f000000000000000
Shader	Hidden/GTF/GTFUIE	9106	0000000000000000f000000000000000
Shader	Hidden/Nature/Tree Soft Occlusion Bark Rendertex	10508	0000000000000000f000000000000000
Shader	Nature/Tree Soft Occlusion Bark	10509	0000000000000000f000000000000000
Shader	Hidden/Nature/Tree Soft Occlusion Leaves Rendertex	10510	0000000000000000f000000000000000
Shader	Nature/Tree Soft Occlusion Leaves	10511	0000000000000000f000000000000000
Shader	Nature/Tree Creator Bark	10600	0000000000000000f000000000000000
Shader	Nature/Tree Creator Leaves	10601	0000000000000000f000000000000000
Shader	Hidden/Nature/Tree Creator Bark Rendertex	10602	0000000000000000f000000000000000
Shader	Hidden/Nature/Tree Creator Leaves Rendertex	10603	0000000000000000f000000000000000
Shader	Hidden/Nature/Tree Creator Bark Optimized	10604	0000000000000000f000000000000000
Shader	Hidden/Nature/Tree Creator Leaves Optimized	10605	0000000000000000f000000000000000
Shader	Nature/Tree Creator Leaves Fast	10606	0000000000000000f000000000000000
Shader	Hidden/Nature/Tree Creator Leaves Fast Optimized	10607	0000000000000000f000000000000000
Shader	Hidden/Nature/Tree Creator Albedo Rendertex	10608	0000000000000000f000000000000000
Shader	Hidden/Nature/Tree Creator Normal Rendertex	10609	0000000000000000f000000000000000
Shader	Hidden/TerrainEngine/Splatmap/Specular-AddPass	10621	0000000000000000f000000000000000
Shader	Hidden/TerrainEngine/Splatmap/Specular-Base	10622	0000000000000000f000000000000000
Shader	Nature/Terrain/Specular	10620	0000000000000000f000000000000000
Shader	Hidden/TerrainEngine/Splatmap/Standard-AddPass	10624	0000000000000000f000000000000000
Shader	Hidden/TerrainEngine/Splatmap/Standard-Base	10625	0000000000000000f000000000000000
Shader	Hidden/TerrainEngine/Splatmap/Standard-BaseGen	10626	0000000000000000f000000000000000
Shader	Nature/Terrain/Standard	10623	0000000000000000f000000000000000
Shader	Mobile/Skybox	10700	0000000000000000f000000000000000
Shader	Mobile/VertexLit	10701	0000000000000000f000000000000000
Shader	Mobile/Diffuse	10703	0000000000000000f000000000000000
Shader	Mobile/Bumped Diffuse	10704	0000000000000000f000000000000000
Shader	Mobile/Bumped Specular	10705	0000000000000000f000000000000000
Shader	Mobile/Bumped Specular (1 Directional Realtime Light)	10706	0000000000000000f000000000000000
Shader	Mobile/VertexLit (Only Directional Lights)	10707	0000000000000000f000000000000000
Shader	Mobile/Unlit (Supports Lightmap)	10708	0000000000000000f000000000000000
Shader	Mobile/Particles/Additive	10720	0000000000000000f000000000000000
Shader	Mobile/Particles/Alpha Blended	10721	0000000000000000f000000000000000
Shader	Mobile/Particles/VertexLit Blended	10722	0000000000000000f000000000000000
Shader	Mobile/Particles/Multiply	10723	0000000000000000f000000000000000
Shader	Unlit/Transparent	10750	0000000000000000f000000000000000
Shader	Unlit/Transparent Cutout	10751	0000000000000000f000000000000000
Shader	Unlit/Texture	10752	0000000000000000f000000000000000
Shader	Sprites/Default	10753	0000000000000000f000000000000000
Shader	Unlit/Color	10755	0000000000000000f000000000000000
Shader	Sprites/Mask	10757	0000000000000000f000000000000000
Shader	UI/Unlit/Transparent	10760	0000000000000000f000000000000000
Shader	UI/Unlit/Detail	10761	0000000000000000f000000000000000
Shader	UI/Unlit/Text	10762	0000000000000000f000000000000000
Shader	UI/Unlit/Text Detail	10763	0000000000000000f000000000000000
Shader	UI/Lit/Transparent	10764	0000000000000000f000000000000000
Shader	UI/Lit/Bumped	10765	0000000000000000f000000000000000
Shader	UI/Lit/Detail	10766	0000000000000000f000000000000000
Shader	UI/Lit/Refraction	10767	0000000000000000f000000000000000
Shader	UI/Lit/Refraction Detail	10768	0000000000000000f000000000000000
Shader	UI/Default	10770	0000000000000000f000000000000000
Shader	UI/Default Font	10782	0000000000000000f000000000000000
Shader	UI/DefaultETC1	10783	0000000000000000f000000000000000
Shader	Hidden/UI/CompositeOverdraw	10784	0000000000000000f000000000000000
Shader	Hidden/UI/Overdraw	10785	0000000000000000f000000000000000
Shader	Nature/SpeedTree	14000	0000000000000000f000000000000000
Shader	Nature/SpeedTree Billboard	14001	0000000000000000f000000000000000
Shader	Nature/SpeedTree8	14002	0000000000000000f000000000000000
Shader	Hidden/GIDebug/TextureUV	15100	0000000000000000f000000000000000
Shader	Hidden/GIDebug/ShowLightMask	15101	0000000000000000f000000000000000
Shader	Hidden/GIDebug/UV1sAsPositions	15102	0000000000000000f000000000000000
Shader	Hidden/GIDebug/VertexColors	15103	0000000000000000f000000000000000
Shader	Hidden/CubeBlur	15104	0000000000000000f000000000000000
Shader	Hidden/CubeCopy	15105	0000000000000000f000000000000000
Shader	Hidden/CubeBlend	15106	0000000000000000f000000000000000
Shader	VR/SpatialMapping/Occlusion	15300	0000000000000000f000000000000000
Shader	VR/SpatialMapping/Wireframe	15301	0000000000000000f000000000000000
Shader	Hidden/VR/BlitTexArraySlice	15304	0000000000000000f000000000000000
Shader	Hidden/VR/Internal-VRDistortion	15305	0000000000000000f000000000000000
Shader	Hidden/VR/BlitTexArraySliceToDepth	15306	0000000000000000f000000000000000
Shader	Hidden/VR/BlitTexArraySliceToDepth_MSAA	15307	0000000000000000f000000000000000
Shader	Hidden/Internal-ODSWorldTexture	15308	0000000000000000f000000000000000
Shader	Hidden/Internal-CubemapToEquirect	15309	0000000000000000f000000000000000
Shader	Hidden/VR/BlitFromTex2DToTexArraySlice	15312	0000000000000000f000000000000000
Shader	Hidden/VR/BlitCopyHDRTonemapTexArraySlice	15313	0000000000000000f000000000000000
Shader	Hidden/VR/BlitCopyHDRTonemappedToHDRTonemapTexArraySlice	15314	0000000000000000f000000000000000
Shader	Hidden/VR/BlitCopyHDRTonemappedToSDRTexArraySlice	15315	0000000000000000f000000000000000
Shader	Hidden/VideoComposite	16000	0000000000000000f000000000000000
Shader	Hidden/VideoDecode	16001	0000000000000000f000000000000000
Shader	Hidden/VideoDecodeOSX	16002	0000000000000000f000000000000000
Shader	Hidden/VideoDecodeAndroid	16003	0000000000000000f000000000000000
Shader	Hidden/Compositing	17000	0000000000000000f000000000000000
Shader	Hidden/TerrainEngine/PaintHeight	18000	0000000000000000f000000000000000
Shader	Hidden/TerrainEngine/HeightBlitCopy	18001	0000000000000000f000000000000000
Shader	Hidden/TerrainEngine/GenerateNormalmap	18002	0000000000000000f000000000000000
Shader	Hidden/TerrainEngine/TerrainLayerUtils	18003	0000000000000000f000000000000000
Shader	Hidden/TerrainEngine/BrushPreview	18004	0000000000000000f000000000000000
Shader	Hidden/TerrainEngine/CrossBlendNeighbors	18005	0000000000000000f000000000000000
Shader	Hidden/TerrainEngine/TerrainBlitCopyZWrite	18006	0000000000000000f000000000000000
Shader	Hidden/TextCore/Distance Field	19010	0000000000000000f000000000000000
Shader	Hidden/TextCore/Distance Field SSD	19011	0000000000000000f000000000000000
Shader	Hidden/TextCore/Sprite	19012	0000000000000000f000000000000000
Mesh	Cube.fbx	10202	0000000000000000e000000000000000
Mesh	Sphere.fbx	10200	0000000000000000e000000000000000
Mesh	Capsule.fbx	10205	0000000000000000e000000000000000
Mesh	Cylinder.fbx	10203	0000000000000000e000000000000000
Mesh	Plane.fbx	10204	0000000000000000e000000000000000
Mesh	Quad.fbx	10210	0000000000000000e000000000000000
Mesh	New-Sphere.fbx	10207	0000000000000000e000000000000000
Mesh	New-Capsule.fbx	10208	0000000000000000e000000000000000
Mesh	New-Cylinder.fbx	10206	0000000000000000e000000000000000
Mesh	New-Plane.fbx	10209	0000000000000000e000000000000000
Mesh	New-Cube.fbx	MISSING
Font	LegacyRuntime.ttf	10102	0000000000000000e000000000000000
Material	Default-Material.mat	10303	0000000000000000f000000000000000
Material	Sprites-Default.mat	10754	0000000000000000f000000000000000
Material	Default-Skybox.mat	10304	0000000000000000f000000000000000
Material	Default-Particle.mat	10301	0000000000000000f000000000000000
Material	Default-ParticleSystem.mat	10308	0000000000000000f000000000000000
Material	Default-Line.mat	10306	0000000000000000f000000000000000
Material	Default-Diffuse.mat	10302	0000000000000000f000000000000000
Material	Sprites-Mask.mat	10758	0000000000000000f000000000000000
Material	Default-Terrain-Standard.mat	10652	0000000000000000f000000000000000
Material	Default-UI.mat	MISSING
Sprite	UI/Skin/UISprite.psd	10905	0000000000000000f000000000000000
Sprite	UI/Skin/Background.psd	10907	0000000000000000f000000000000000
Sprite	UI/Skin/Knob.psd	10913	0000000000000000f000000000000000
Sprite	UI/Skin/Checkmark.psd	10901	0000000000000000f000000000000000
Sprite	UI/Skin/InputFieldBackground.psd	10911	0000000000000000f000000000000000
Sprite	UI/Skin/DropdownArrow.psd	10915	0000000000000000f000000000000000
Sprite	UI/Skin/UIMask.psd	10917	0000000000000000f000000000000000
Texture2D	Default-Particle.psd	10300	0000000000000000f000000000000000
Texture2D	Default-ParticleSystem.psd	10307	0000000000000000f000000000000000
